LastName,FirstName,CarID
Alcazar,Lucas,1
Azada,Lars,2
Balas,Felix,3
Barranco,Ingrid,4
Baza,Isak,5
Bergen,Linnea,6
Borrasca,Isande,7
Calixto,Nils,8
Calzas,Axel,9
Campo-Corrente,Ada,10
Cazar,Gustav,11
Cocinaro,Hideki,12
Ferro,Inga,13
Dedos,Lidelse,14
Bodrogi,Loreto,15
Vann,Isia,16
Flecha,Sven,17
Frente,Birgitta,18
Frente,Vira,19
Fusil,Stenig,20
Osvaldo,Hennie,21
Herrero,Kanon,22
Lagos,Varja,23
Mies,Minke,24
Nubarron,Adra,25
Onda,Marin,26
Orilla,Kare,27
Orilla,Elsa,28
Ovan,Bertrand,29
Resumir,Felix,30
Sanjorge Jr.,Sten,31
Strum,Orhan,32
Tempestad,Brand,33
Vann,Edvard,34
Vasco-Pais,Willem,35
Hafon,Albina,
Hawelon,Benito,
Hawelon,Claudio,
Mies,Henk,
Morlun,Valeria,
Morlun,Adan,
Morluniau,Cecilia,
Nant,Irene,
Scozzese,Dylan,
